,20,40,60,70,75,80,85,90,95,99
model,"LeNet(
  (conv1): Conv2d(3, 6, kernel_size=(5, 5), stride=(1, 1))
  (act1): ReLU()
  (pool1): MaxPool2d(kernel_size=2, stride=2, padding=0, dilation=1, ceil_mode=False)
  (conv2): Conv2d(6, 16, kernel_size=(5, 5), stride=(1, 1))
  (act2): ReLU()
  (pool2): MaxPool2d(kernel_size=2, stride=2, padding=0, dilation=1, ceil_mode=False)
  (conv3): Conv2d(16, 120, kernel_size=(5, 5), stride=(1, 1))
  (flatten): Flatten(start_dim=1, end_dim=-1)
  (act3): ReLU()
  (lin1): Linear(in_features=120, out_features=84, bias=True)
  (act4): ReLU()
  (linout): Linear(in_features=84, out_features=10, bias=True)
)","LeNet(
  (conv1): Conv2d(3, 6, kernel_size=(5, 5), stride=(1, 1))
  (act1): ReLU()
  (pool1): MaxPool2d(kernel_size=2, stride=2, padding=0, dilation=1, ceil_mode=False)
  (conv2): Conv2d(6, 16, kernel_size=(5, 5), stride=(1, 1))
  (act2): ReLU()
  (pool2): MaxPool2d(kernel_size=2, stride=2, padding=0, dilation=1, ceil_mode=False)
  (conv3): Conv2d(16, 120, kernel_size=(5, 5), stride=(1, 1))
  (flatten): Flatten(start_dim=1, end_dim=-1)
  (act3): ReLU()
  (lin1): Linear(in_features=120, out_features=84, bias=True)
  (act4): ReLU()
  (linout): Linear(in_features=84, out_features=10, bias=True)
)","LeNet(
  (conv1): Conv2d(3, 6, kernel_size=(5, 5), stride=(1, 1))
  (act1): ReLU()
  (pool1): MaxPool2d(kernel_size=2, stride=2, padding=0, dilation=1, ceil_mode=False)
  (conv2): Conv2d(6, 16, kernel_size=(5, 5), stride=(1, 1))
  (act2): ReLU()
  (pool2): MaxPool2d(kernel_size=2, stride=2, padding=0, dilation=1, ceil_mode=False)
  (conv3): Conv2d(16, 120, kernel_size=(5, 5), stride=(1, 1))
  (flatten): Flatten(start_dim=1, end_dim=-1)
  (act3): ReLU()
  (lin1): Linear(in_features=120, out_features=84, bias=True)
  (act4): ReLU()
  (linout): Linear(in_features=84, out_features=10, bias=True)
)","LeNet(
  (conv1): Conv2d(3, 6, kernel_size=(5, 5), stride=(1, 1))
  (act1): ReLU()
  (pool1): MaxPool2d(kernel_size=2, stride=2, padding=0, dilation=1, ceil_mode=False)
  (conv2): Conv2d(6, 16, kernel_size=(5, 5), stride=(1, 1))
  (act2): ReLU()
  (pool2): MaxPool2d(kernel_size=2, stride=2, padding=0, dilation=1, ceil_mode=False)
  (conv3): Conv2d(16, 120, kernel_size=(5, 5), stride=(1, 1))
  (flatten): Flatten(start_dim=1, end_dim=-1)
  (act3): ReLU()
  (lin1): Linear(in_features=120, out_features=84, bias=True)
  (act4): ReLU()
  (linout): Linear(in_features=84, out_features=10, bias=True)
)","LeNet(
  (conv1): Conv2d(3, 6, kernel_size=(5, 5), stride=(1, 1))
  (act1): ReLU()
  (pool1): MaxPool2d(kernel_size=2, stride=2, padding=0, dilation=1, ceil_mode=False)
  (conv2): Conv2d(6, 16, kernel_size=(5, 5), stride=(1, 1))
  (act2): ReLU()
  (pool2): MaxPool2d(kernel_size=2, stride=2, padding=0, dilation=1, ceil_mode=False)
  (conv3): Conv2d(16, 120, kernel_size=(5, 5), stride=(1, 1))
  (flatten): Flatten(start_dim=1, end_dim=-1)
  (act3): ReLU()
  (lin1): Linear(in_features=120, out_features=84, bias=True)
  (act4): ReLU()
  (linout): Linear(in_features=84, out_features=10, bias=True)
)","LeNet(
  (conv1): Conv2d(3, 6, kernel_size=(5, 5), stride=(1, 1))
  (act1): ReLU()
  (pool1): MaxPool2d(kernel_size=2, stride=2, padding=0, dilation=1, ceil_mode=False)
  (conv2): Conv2d(6, 16, kernel_size=(5, 5), stride=(1, 1))
  (act2): ReLU()
  (pool2): MaxPool2d(kernel_size=2, stride=2, padding=0, dilation=1, ceil_mode=False)
  (conv3): Conv2d(16, 120, kernel_size=(5, 5), stride=(1, 1))
  (flatten): Flatten(start_dim=1, end_dim=-1)
  (act3): ReLU()
  (lin1): Linear(in_features=120, out_features=84, bias=True)
  (act4): ReLU()
  (linout): Linear(in_features=84, out_features=10, bias=True)
)","LeNet(
  (conv1): Conv2d(3, 6, kernel_size=(5, 5), stride=(1, 1))
  (act1): ReLU()
  (pool1): MaxPool2d(kernel_size=2, stride=2, padding=0, dilation=1, ceil_mode=False)
  (conv2): Conv2d(6, 16, kernel_size=(5, 5), stride=(1, 1))
  (act2): ReLU()
  (pool2): MaxPool2d(kernel_size=2, stride=2, padding=0, dilation=1, ceil_mode=False)
  (conv3): Conv2d(16, 120, kernel_size=(5, 5), stride=(1, 1))
  (flatten): Flatten(start_dim=1, end_dim=-1)
  (act3): ReLU()
  (lin1): Linear(in_features=120, out_features=84, bias=True)
  (act4): ReLU()
  (linout): Linear(in_features=84, out_features=10, bias=True)
)","LeNet(
  (conv1): Conv2d(3, 6, kernel_size=(5, 5), stride=(1, 1))
  (act1): ReLU()
  (pool1): MaxPool2d(kernel_size=2, stride=2, padding=0, dilation=1, ceil_mode=False)
  (conv2): Conv2d(6, 16, kernel_size=(5, 5), stride=(1, 1))
  (act2): ReLU()
  (pool2): MaxPool2d(kernel_size=2, stride=2, padding=0, dilation=1, ceil_mode=False)
  (conv3): Conv2d(16, 120, kernel_size=(5, 5), stride=(1, 1))
  (flatten): Flatten(start_dim=1, end_dim=-1)
  (act3): ReLU()
  (lin1): Linear(in_features=120, out_features=84, bias=True)
  (act4): ReLU()
  (linout): Linear(in_features=84, out_features=10, bias=True)
)","LeNet(
  (conv1): Conv2d(3, 6, kernel_size=(5, 5), stride=(1, 1))
  (act1): ReLU()
  (pool1): MaxPool2d(kernel_size=2, stride=2, padding=0, dilation=1, ceil_mode=False)
  (conv2): Conv2d(6, 16, kernel_size=(5, 5), stride=(1, 1))
  (act2): ReLU()
  (pool2): MaxPool2d(kernel_size=2, stride=2, padding=0, dilation=1, ceil_mode=False)
  (conv3): Conv2d(16, 120, kernel_size=(5, 5), stride=(1, 1))
  (flatten): Flatten(start_dim=1, end_dim=-1)
  (act3): ReLU()
  (lin1): Linear(in_features=120, out_features=84, bias=True)
  (act4): ReLU()
  (linout): Linear(in_features=84, out_features=10, bias=True)
)","LeNet(
  (conv1): Conv2d(3, 6, kernel_size=(5, 5), stride=(1, 1))
  (act1): ReLU()
  (pool1): MaxPool2d(kernel_size=2, stride=2, padding=0, dilation=1, ceil_mode=False)
  (conv2): Conv2d(6, 16, kernel_size=(5, 5), stride=(1, 1))
  (act2): ReLU()
  (pool2): MaxPool2d(kernel_size=2, stride=2, padding=0, dilation=1, ceil_mode=False)
  (conv3): Conv2d(16, 120, kernel_size=(5, 5), stride=(1, 1))
  (flatten): Flatten(start_dim=1, end_dim=-1)
  (act3): ReLU()
  (lin1): Linear(in_features=120, out_features=84, bias=True)
  (act4): ReLU()
  (linout): Linear(in_features=84, out_features=10, bias=True)
)"
val_acc,64.96,64.12,60.95,55.24,49.94,45.7,33.45,26.06,14.98,10.0
marglik,['offline'],['offline'],['offline'],['offline'],['offline'],['offline'],['offline'],['offline'],['offline'],['offline']
nll,1.0105315298080444,1.0348067377090455,1.1577848253250123,1.3324351398468017,1.4934678106307984,1.6636951097488404,1.9198187965393065,2.1028672214508055,2.2902202896118165,2.3511354553222654
brier,0.463415168762207,0.47557479677200315,0.5219513534545899,0.5913562097549439,0.6507982000350953,0.7124460689544678,0.7959661678314209,0.8512692992210388,0.8974337027549744,0.9089738065719605
ece,0.008008761331439018,0.019775912165641785,0.07827500998973846,0.11552570015192032,0.11308743059635162,0.1544579714536667,0.09480014443397522,0.07706137001514435,0.011337696574628353,0.059119813144207
